filename,yaw,pitch,roll,gender
4.jpg,-13.044184,-5.3278837,0.07445288,M
5.jpg,-1.610795,-15.440773,-1.8291575,M
