filename,yaw,pitch,roll,gender
4.jpg,-9.219726,-5.002334,-1.6907024,M
5.jpg,2.6658201,-12.431158,-4.610732,M
4.jpg,-9.219726,-5.002334,-1.6907024,M
5.jpg,2.6658201,-12.431158,-4.610732,M
5.jpg,2.6658201,-12.431158,-4.610732,M
5.jpg,2.6658201,-12.431158,-4.610732,M
5.jpg,2.6658201,-12.431158,-4.610732,M
5.jpg,2.6658201,-12.431158,-4.610732,M
5.jpg,2.6658201,-12.431158,-4.610732,M
5.jpg,2.6658194,-12.431158,-4.610731,M
