filename,yaw,pitch,roll,gender,num_faces,x1,y1,x2,y2
5.jpg,2.6658201,-12.431156,-4.610731,M,2,187,114,241,177
4.jpg,-9.219726,-5.0023346,-1.6907027,M,1,207,137,392,384
