epoch,train_loss,train_accuracy,test_loss,test_accuracy
0,tensor(0.1618),0.9415617556992174,tensor(0.0890),0.9687071330589849
1,tensor(0.0952),0.9666127934671657,tensor(0.0815),0.9712791495198903
2,tensor(0.0812),0.971546444368833,tensor(0.0802),0.9717935528120714
3,tensor(0.0731),0.9743960530792787,tensor(0.0751),0.9737654320987654
4,tensor(0.0651),0.9776922422592719,tensor(0.0755),0.9729938271604939
